{"cameraMode":{"drawMode":0,"name":"Shaded","section":"Shading Mode"},"sceneLighting":false,"audioPlay":false,"sceneViewState":{"showFog":true,"showMaterialUpdate":false,"showSkybox":false,"showFlares":true,"showImageEffects":true,"showParticleSystems":true},"in2DMode":false,"pivot":{"x":-0.013990342617034912,"y":0.6069431304931641,"z":0.002054870128631592},"rotation":{"x":0.02761075459420681,"y":0.9719851016998291,"z":-0.1501932591199875,"w":0.17868053913116456},"size":1.4377706050872803,"orthographic":false}