{"cameraMode":{"drawMode":0,"name":"Shaded","section":"Shading Mode"},"sceneLighting":false,"audioPlay":false,"sceneViewState":{"showFog":true,"showMaterialUpdate":false,"showSkybox":false,"showFlares":true,"showImageEffects":true,"showParticleSystems":true},"in2DMode":false,"pivot":{"x":194.79981994628907,"y":16.316707611083986,"z":-284.0351257324219},"rotation":{"x":-0.16707582771778108,"y":0.07150765508413315,"z":-0.01215331256389618,"w":-0.9832770824432373},"size":6.952004432678223,"orthographic":false}